id,display_name,role
1,Eleve1,student
2,Eleve2,student
3,Eleve3,student
4,Eleve4,student
5,Eleve5,student
6,Eleve6,student
7,Eleve7,student
8,Eleve8,student
9,Eleve9,student
10,Eleve10,student
11,Eleve11,student
12,Eleve12,student
13,Eleve13,student
14,Eleve14,student
15,Eleve15,student
16,Eleve16,student
17,Eleve17,student
18,Eleve18,student
19,Eleve19,student
20,Eleve20,student
21,Eleve21,student
22,Eleve22,student
23,Eleve23,student
24,Eleve24,student
25,Eleve25,student
26,Eleve26,student
27,Eleve27,student
28,Eleve28,student
29,Eleve29,student
30,Eleve30,student
31,Eleve31,student
32,Eleve32,student
33,Eleve33,student
34,Eleve34,student
35,Eleve35,student
36,Eleve36,student
37,Eleve37,student
38,Eleve38,student
39,Eleve39,student
40,Eleve40,student
41,Eleve41,student
42,Eleve42,student
43,Eleve43,student
44,Eleve44,student
45,Eleve45,student
46,Eleve46,student
47,Eleve47,student
48,Eleve48,student
49,Eleve49,student
50,Eleve50,student
51,Eleve51,student
52,Eleve52,student
53,Eleve53,student
54,Eleve54,student
55,Eleve55,student
56,Eleve56,student
57,Eleve57,student
58,Eleve58,student
59,Eleve59,student
60,Eleve60,student
61,Eleve61,student
62,Eleve62,student
63,Eleve63,student
64,Eleve64,student
65,Eleve65,student
66,Eleve66,student
67,Eleve67,student
68,Eleve68,student
69,Eleve69,student
70,Eleve70,student
71,Eleve71,student
72,Eleve72,student
73,Eleve73,student
74,Eleve74,student
75,Eleve75,student
76,Eleve76,student
77,Eleve77,student
78,Eleve78,student
79,Eleve79,student
80,Eleve80,student
81,Eleve81,student
82,Eleve82,student
83,Eleve83,student
84,Eleve84,student
85,Eleve85,student
86,Eleve86,student
87,Eleve87,student
88,Eleve88,student
89,Eleve89,student
90,Eleve90,student
91,Eleve91,student
92,Eleve92,student
93,Eleve93,student
94,Eleve94,student
95,Eleve95,student
96,Eleve96,student
97,Eleve97,student
98,Eleve98,student
99,Eleve99,student
100,Eleve100,student
101,Eleve101,student
102,Eleve102,student
103,Eleve103,student
104,Eleve104,student
105,Eleve105,student
106,Eleve106,student
107,Eleve107,student
108,Eleve108,student
109,Eleve109,student
110,Eleve110,student
111,Eleve111,student
112,Eleve112,student
113,Eleve113,student
114,Eleve114,student
115,Eleve115,student
116,Eleve116,student
117,Eleve117,student
118,Eleve118,student
119,Eleve119,student
120,Eleve120,student
121,Eleve121,student
122,Eleve122,student
123,Eleve123,student
124,Eleve124,student
125,Eleve125,student
126,Eleve126,student
127,Eleve127,student
128,Eleve128,student
129,Eleve129,student
130,Eleve130,student
131,Eleve131,student
132,Eleve132,student
133,Eleve133,student
134,Eleve134,student
135,Eleve135,student
136,Eleve136,student
137,Eleve137,student
138,Eleve138,student
139,Eleve139,student
140,Eleve140,student
141,Eleve141,student
142,Eleve142,student
143,Eleve143,student
144,Eleve144,student
145,Eleve145,student
146,Eleve146,student
147,Eleve147,student
148,Eleve148,student
149,Eleve149,student
150,Eleve150,student
151,Eleve151,student
152,Eleve152,student
153,Eleve153,student
154,Eleve154,student
155,Eleve155,student
156,Eleve156,student
157,Eleve157,student
158,Eleve158,student
159,Eleve159,student
160,Eleve160,student
161,Eleve161,student
162,Eleve162,student
163,Eleve163,student
164,Eleve164,student
165,Eleve165,student
166,Eleve166,student
167,Eleve167,student
168,Eleve168,student
169,Eleve169,student
170,Eleve170,student
171,Eleve171,student
172,Eleve172,student
173,Eleve173,student
174,Eleve174,student
175,Eleve175,student
176,Eleve176,student
177,Eleve177,student
178,Eleve178,student
179,Eleve179,student
180,Eleve180,student
181,Eleve181,student
182,Eleve182,student
183,Eleve183,student
184,Eleve184,student
185,Eleve185,student
186,Eleve186,student
187,Eleve187,student
188,Eleve188,student
189,Eleve189,student
190,Eleve190,student
191,Eleve191,student
192,Eleve192,student
193,Eleve193,student
194,Eleve194,student
195,Eleve195,student
196,Eleve196,student
197,Eleve197,student
198,Eleve198,student
199,Eleve199,student
200,Eleve200,student
201,Eleve201,student
202,Eleve202,student
203,Eleve203,student
204,Eleve204,student
205,Eleve205,student
206,Eleve206,student
207,Eleve207,student
208,Eleve208,student
209,Eleve209,student
210,Eleve210,student
211,Eleve211,student
212,Eleve212,student
213,Eleve213,student
214,Eleve214,student
215,Eleve215,student
216,Eleve216,student
217,Eleve217,student
218,Eleve218,student
219,Eleve219,student
220,Eleve220,student
221,Eleve221,student
222,Eleve222,student
223,Eleve223,student
224,Eleve224,student
225,Eleve225,student
226,Eleve226,student
227,Eleve227,student
228,Eleve228,student
229,Eleve229,student
230,Eleve230,student